county_id,location_id
203,5001
203,5001
203,5001
203,5001
422,5002
422,5002
422,5002
422,5002
422,5002
422,5002
615,5002
201,5002
2536,5003
2600,5003
457,5003
457,5003
457,5003
457,5003
102,5004
2251,5005
713,5005
2293,5005
2296,5005
2536,5006
2567,5006
2564,5007
24,5007
2582,5007
2582,5007
221,5008
227,5009
1279,5010
50,5010
1292,5010
536,5010
2626,5014
2695,5014
2748,5014
693,5014
713,5015
30,5015
372,5015
2741,5016
1948,5017
59,5018
264,5020
310,5021
310,5021
1228,5021
1228,5021
1228,5021
1228,5021
3088,5022
3088,5022
3088,5022
243,5023
245,5023
2656,5024
2656,5024
2971,5024
2984,5024
318,5026
318,5026
119,5027
119,5027
119,5027
2209,5028
2232,5028
65,5028
709,5029
122,5030
2184,5030
105,5031
105,5031
105,5031
105,5031
106,5031
418,5032
418,5032
25,5032
25,5032
134,5032
134,5032
1794,5033
1794,5033
1817,5033
194,5034
218,5035
218,5035
241,5035
203,5036
203,5036
203,5036
95,5037
97,5037
102,5037
104,5037
104,5037
104,5037
14,5038
14,5038
14,5038
36,5038
1564,5038
261,5039
1729,5039
2059,5040
2059,5040
2059,5040
426,5042
426,5042
426,5042
426,5042
426,5042
426,5042
426,5042
426,5042
426,5042
426,5042
426,5042
185,5043
1916,5044
1980,5044
1980,5044
2148,5045
2201,5045
2201,5045
2202,5045
1314,5046
1339,5046
264,5047
2741,5049
301,5050
301,5050
1156,5051
346,5052
346,5052
346,5052
214,5053
214,5053
214,5054
214,5054
2054,5055
341,5055
199,5056
199,5056
243,5057
245,5057
37,5058
1147,5058
1147,5058
2244,5059
2244,5059
2244,5059
217,5060
846,5061
2128,5061
223,5062
2670,5063
2699,5063
2699,5063
2699,5063
29,5064
29,5064
1331,5065
1331,5065
1331,5065
1339,5065
1374,5065
1374,5065
1374,5065
65,5065
65,5065
70,5066
1220,5067
1781,5067
1841,5068
1841,5068
2564,5069
119,5070
1707,5071
697,5072
102,5073
102,5073
1929,5074
1929,5074
1929,5074
102,5075
102,5075
370,5076
1781,5077
102,5078
3060,5080
323,5081
214,5081
37,5082
37,5082
59,5082
1128,5083
1920,5084
1920,5084
1920,5084
2761,5085
2673,5086
221,5088
24,5089
443,5090
119,5091
1760,5092
1760,5092
102,5093
426,5094
426,5094
426,5094
2824,5095
2825,5095
302,5096
302,5096
302,5096
214,5097
214,5097
50,5098
50,5098
550,5099
234,5100
185,5101
199,5101
51,5102
2985,5103
2985,5103
2985,5103
2327,5104
1886,5105
24,5106
1119,5107
1120,5107
220,5108
498,5109
203,5110
203,5110
24,5111
166,5111
166,5111
166,5111
166,5111
506,5112
123,5112
315,5113
315,5113
315,5113
214,5114
49,5115
217,5116
169,5117
169,5117
2295,5118
2712,5118
491,5119
240,5120
220,5121
641,5122
324,5123
2793,5124
45,5126
102,5127
1123,5128
1214,5129
611,5130
611,5130
1424,5131
1460,5131
354,5132
615,5133
638,5133
638,5133
692,5133
220,5134
2313,5135
2313,5135
2313,5135
145,5136
220,5137
341,5138
221,5139
203,5140
214,5141
119,5142
24,5143
2741,5143
102,5144
694,5145
41,5146
41,5146
32,5147
233,5148
240,5148
149,5149
2409,5149
374,5150
2060,5151
32,5151
51,5151
51,5151
47,5152
166,5152
166,5152
203,5153
1222,5154
1222,5154
937,5155
214,5156
217,5156
221,5156
457,5157
692,5158
324,5159
1788,5160
1788,5160
1788,5160
203,5162
211,5164
203,5165
615,5166
692,5166
203,5167
203,5167
904,5168
185,5169
324,5170
324,5170
37,5171
203,5172
1860,5173
1860,5173
1860,5173
221,5174
278,5175
307,5176
203,5001
203,5001
203,5001
203,5001
422,5002
422,5002
422,5002
422,5002
422,5002
422,5002
615,5002
201,5002
2536,5003
2600,5003
457,5003
457,5003
457,5003
457,5003
102,5004
2251,5005
713,5005
2293,5005
2296,5005
2536,5006
2567,5006
2564,5007
24,5007
2582,5007
2582,5007
221,5008
227,5009
1279,5010
50,5010
1292,5010
536,5010
2626,5014
2695,5014
2748,5014
693,5014
713,5015
30,5015
372,5015
2741,5016
1948,5017
59,5018
264,5020
310,5021
310,5021
1228,5021
1228,5021
1228,5021
1228,5021
3088,5022
3088,5022
3088,5022
243,5023
245,5023
2656,5024
2656,5024
2971,5024
2984,5024
318,5026
318,5026
119,5027
119,5027
119,5027
2209,5028
2232,5028
65,5028
709,5029
122,5030
2184,5030
105,5031
105,5031
105,5031
105,5031
106,5031
418,5032
418,5032
25,5032
25,5032
134,5032
134,5032
1794,5033
1794,5033
1817,5033
194,5034
218,5035
218,5035
241,5035
203,5036
203,5036
203,5036
95,5037
97,5037
102,5037
104,5037
104,5037
104,5037
14,5038
14,5038
14,5038
36,5038
1564,5038
261,5039
1729,5039
2059,5040
2059,5040
2059,5040
426,5042
426,5042
426,5042
426,5042
426,5042
426,5042
426,5042
426,5042
426,5042
426,5042
426,5042
185,5043
1916,5044
1980,5044
1980,5044
2148,5045
2201,5045
2201,5045
2202,5045
1314,5046
1339,5046
264,5047
2741,5049
301,5050
301,5050
1156,5051
346,5052
346,5052
346,5052
214,5053
214,5053
214,5054
214,5054
2054,5055
341,5055
199,5056
199,5056
243,5057
245,5057
37,5058
1147,5058
1147,5058
2244,5059
2244,5059
2244,5059
217,5060
846,5061
2128,5061
223,5062
2670,5063
2699,5063
2699,5063
2699,5063
29,5064
29,5064
1331,5065
1331,5065
1331,5065
1339,5065
1374,5065
1374,5065
1374,5065
65,5065
65,5065
70,5066
1220,5067
1781,5067
1841,5068
1841,5068
2564,5069
119,5070
1707,5071
697,5072
102,5073
102,5073
1929,5074
1929,5074
1929,5074
102,5075
102,5075
370,5076
1781,5077
102,5078
3060,5080
323,5081
214,5081
37,5082
37,5082
59,5082
1128,5083
1920,5084
1920,5084
1920,5084
2761,5085
2673,5086
221,5088
24,5089
443,5090
119,5091
1760,5092
1760,5092
102,5093
426,5094
426,5094
426,5094
2824,5095
2825,5095
302,5096
302,5096
302,5096
214,5097
214,5097
50,5098
50,5098
550,5099
234,5100
185,5101
199,5101
51,5102
2985,5103
2985,5103
2985,5103
2327,5104
1886,5105
24,5106
1119,5107
1120,5107
220,5108
498,5109
203,5110
203,5110
24,5111
166,5111
166,5111
166,5111
166,5111
506,5112
123,5112
315,5113
315,5113
315,5113
214,5114
49,5115
217,5116
169,5117
169,5117
2295,5118
2712,5118
491,5119
240,5120
220,5121
641,5122
324,5123
2793,5124
45,5126
102,5127
1123,5128
1214,5129
611,5130
611,5130
1424,5131
1460,5131
354,5132
615,5133
638,5133
638,5133
692,5133
220,5134
2313,5135
2313,5135
2313,5135
145,5136
220,5137
341,5138
221,5139
203,5140
214,5141
119,5142
24,5143
2741,5143
102,5144
694,5145
41,5146
41,5146
32,5147
233,5148
240,5148
149,5149
2409,5149
374,5150
2060,5151
32,5151
51,5151
51,5151
47,5152
166,5152
166,5152
203,5153
1222,5154
1222,5154
937,5155
214,5156
217,5156
221,5156
457,5157
692,5158
324,5159
1788,5160
1788,5160
1788,5160
203,5162
211,5164
203,5165
615,5166
692,5166
203,5167
203,5167
904,5168
185,5169
324,5170
324,5170
37,5171
203,5172
1860,5173
1860,5173
1860,5173
221,5174
278,5175
307,5176
194,5177
214,5177
218,5177
1279,5178
218,5179
410,5180
24,5181
227,5182
214,5183
1806,5184
1980,5185
844,5186
1279,5187
2346,5188
2346,5188
2346,5188
2346,5188
673,5188
324,5189
24,5190
2582,5190
611,5191
179,5191
179,5191
179,5191
308,5192
308,5192
308,5192
309,5192
2676,5193
2656,5194
311,5195
2793,5196
975,5197
203,5198
240,5198
203,5199
203,5199
211,5199
2564,5200
191,5201
238,5202
240,5203
145,5204
51,5205
2582,5206
307,5207
2800,5208
677,5209
998,5210
380,5211
777,5212
319,5213
212,5214
232,5214
1310,5215
665,5216
665,5216
665,5216
665,5216
665,5216
683,5216
683,5216
1252,5217
1262,5217
1262,5217
1262,5217
243,5219
249,5219
13,5220
36,5220
1254,5221
203,5222
215,5223
2322,5224
2322,5224
2324,5224
2324,5224
2324,5224
1200,5224
1200,5224
628,5225
37,5225
36,5226
220,5227
227,5228
214,5229
426,5230
346,5231
1769,5231
324,5232
384,5232
203,5233
37,5234
2281,5235
243,5236
249,5236
37,5236
311,5237
122,5238
1285,5239
638,5240
638,5240
203,5241
370,5242
370,5242
310,5243
310,5243
310,5243
310,5243
1228,5243
294,5244
294,5244
2793,5245
693,5246
693,5246
1652,5247
1841,5248
1841,5248
766,5249
240,5250
240,5250
240,5250
232,5251
310,5252
203,5253
203,5254
191,5255
191,5255
191,5255
324,5256
1929,5257
56,5257
1969,5258
2582,5259
2564,5260
24,5260
2602,5260
225,5261
185,5262
2209,5263
2232,5263
988,5264
598,5265
173,5266
323,5267
323,5267
114,5268
1367,5270
191,5271
1953,5272
245,5273
37,5273
2589,5274
1285,5274
368,5275
220,5276
2984,5277
217,5278
217,5278
978,5279
217,5280
3077,5281
2564,5282
2582,5282
2793,5283
203,5284
221,5285
201,5286
214,5287
2322,5288
2324,5288
1200,5288
249,5289
203,5290
65,5291
1827,5292
602,5293
602,5293
166,5294
2800,5295
862,5296
2830,5297
2201,5298
2202,5298
102,5299
4,5300
4,5300
4,5300
221,5301
187,5302
203,5302
1226,5303
1226,5303
1226,5303
1226,5303
1226,5303
194,5304
225,5305
232,5306
2747,5307
1801,5308
65,5309
305,5310
1218,5311
536,5312
186,5313
199,5313
203,5313
203,5313
203,5313
214,5313
215,5313
215,5313
221,5313
221,5313
226,5313
227,5313
229,5313
232,5313
1218,5314
201,5315
261,5316
324,5317
63,5318
229,5319
903,5320
109,5321
324,5322
324,5322
214,5323
1760,5324
203,5325
134,5326
1220,5327
1220,5327
1220,5327
1220,5327
1220,5327
346,5328
536,5329
536,5329
226,5330
2985,5331
2985,5331
226,5332
226,5332
203,5333
249,5334
305,5334
220,5335
368,5336
175,5337
426,5338
426,5338
315,5339
315,5339
217,5340
218,5341
382,5342
2656,5343
203,5344
1381,5345
1381,5345
36,5346
2542,5347
2992,5348
2992,5348
2656,5349
188,5350
188,5350
324,5351
50,5351
307,5352
307,5352
220,5353
220,5353
2541,5354
1775,5355
659,5355
659,5355
2804,5356
2804,5356
2804,5356
884,5357
134,5358
203,5360
3099,5361
310,5362
310,5362
310,5362
310,5362
310,5362
310,5362
310,5362
102,5363
102,5363
102,5363
1339,5364
2564,5365
1806,5365
2600,5366
2248,5367
2248,5367
2248,5367
422,5368
563,5369
395,5370
1292,5370
185,5371
2313,5372
214,5373
1817,5374
1962,5375
2184,5376
603,5377
603,5377
405,5378
405,5378
405,5378
214,5379
307,5380
223,5381
234,5381
221,5382
221,5382
536,5383
2990,5384
1292,5385
203,5386
681,5387
681,5387
681,5387
1788,5388
2059,5389
2059,5389
185,5390
422,5391
203,5392
323,5393
323,5393
323,5393
323,5393
2613,5394
2613,5394
1766,5395
2215,5395
208,5396
1156,5397
201,5398
44,5399
1955,5400
1483,5401
797,5401
432,5402
310,5403
310,5403
310,5403
214,5404
1292,5405
1292,5405
2600,5406
324,5407
212,5408
1899,5409
1899,5409
1886,5410
225,5411
220,5412
422,5413
65,5414
36,5415
203,5416
650,5417
650,5417
650,5417
2091,5418
50,5419
50,5419
370,5419
65,5420
316,5422
1924,5423
1924,5423
2542,5424
950,5424
335,5425
2245,5426
2258,5426
2281,5426
1954,5426
65,5426
65,5426
65,5426
2277,5427
1268,5428
185,5429
220,5430
1820,5431
50,5432
214,5433
214,5433
2313,5434
422,5435
1806,5436
1339,5437
227,5438
1339,5439
2605,5440
1121,5441
37,5442
217,5443
422,5444
692,5444
185,5445
185,5445
308,5446
315,5447
9,5448
457,5448
3092,5449
2088,5450
2088,5450
220,5451
726,5452
203,5453
1220,5454
1220,5454
220,5455
2582,5456
1292,5457
341,5458
1886,5459
234,5460
368,5461
1628,5462
1628,5462
65,5463
3115,5464
145,5465
193,5466
218,5466
418,5467
227,5468
1191,5469
2614,5470
1806,5470
2756,5470
422,5471
324,5472
113,5473
1385,5473
37,5474
37,5474
550,5475
1788,5476
1788,5476
203,5477
185,5478
30,5479
341,5479
794,5480
422,5481
35,5482
1901,5483
1901,5483
1292,5484
214,5485
278,5486
305,5486
813,5487
813,5487
813,5487
946,5488
1369,5488
1369,5488
2324,5489
3065,5490
41,5491
41,5491
41,5491
41,5491
1220,5492
1806,5493
2741,5494
223,5495
713,5496
713,5496
1123,5497
214,5498
1156,5499
382,5500
382,5500
382,5500
191,5501
191,5501
368,5502
368,5502
774,5503
774,5503
1331,5504
125,5505
694,5506
324,5507
324,5507
191,5508
240,5509
113,5510
45,5511
203,5512
209,5513
241,5513
611,5514
611,5514
1188,5514
1188,5514
2756,5515
1379,5516
225,5517
7,5518
534,5518
1119,5519
693,5520
367,5521
166,5521
119,5522
37,5522
2091,5522
2656,5523
218,5524
1781,5525
65,5526
203,5527
1314,5528
1339,5529
214,5530
35,5531
223,5532
1220,5533
203,5534
235,5535
1339,5536
1873,5537
145,5538
145,5538
308,5539
203,5540
51,5541
536,5542
1996,5543
221,5544
1279,5545
310,5546
310,5546
310,5546
97,5547
97,5547
1228,5548
1228,5548
779,5549
779,5549
779,5549
2337,5550
998,5551
865,5552
102,5553
102,5553
102,5553
134,5554
452,5554
169,5555
3088,5556
225,5557
227,5557
227,5557
324,5558
1603,5559
1195,5560
1195,5560
1201,5560
422,5561
311,5562
214,5563
214,5563
1331,5564
2793,5565
611,5566
611,5566
611,5566
51,5567
221,5568
203,5569
693,5570
585,5571
426,5572
132,5573
1781,5574
1886,5575
1886,5575
1886,5575
30,5576
45,5576
818,5577
203,5578
937,5579
1292,5580
1292,5580
2605,5581
2605,5581
422,5582
1921,5583
1952,5583
498,5584
2984,5584
3130,5585
113,5586
204,5587
205,5587
238,5588
103,5589
872,5590
884,5590
2184,5591
203,5592
65,5593
107,5594
41,5595
52,5596
37,5597
37,5597
426,5598
426,5598
24,5599
1218,5600
1218,5600
36,5601
217,5602
1302,5603
1302,5603
205,5604
310,5605
310,5606
310,5606
214,5607
709,5608
422,5609
1156,5610
51,5611
2656,5612
166,5613
30,5614
203,5615
534,5616
1314,5617
2088,5618
1222,5619
1222,5619
376,5620
552,5621
555,5621
1762,5622
261,5622
1760,5622
243,5623
249,5623
47,5624
221,5625
233,5626
1707,5627
1707,5627
1707,5627
1707,5627
382,5628
203,5629
205,5629
241,5629
1331,5630
368,5631
615,5632
203,5633
559,5634
309,5635
311,5635
324,5636
1290,5637
1292,5637
1292,5637
1601,5638
3132,5638
363,5639
363,5639
363,5639
363,5639
1870,5639
221,5640
27,5641
27,5641
32,5642
51,5642
422,5643
638,5643
201,5643
227,5644
2567,5645
358,5646
358,5646
358,5646
422,5647
422,5648
199,5649
2626,5650
215,5651
205,5652
715,5653
122,5654
2184,5654
2206,5654
2741,5655
1207,5656
1207,5656
214,5657
311,5658
358,5659
376,5659
967,5660
217,5661
650,5662
8,5663
2656,5664
1417,5665
1417,5665
38,5665
536,5666
238,5667
201,5668
201,5668
201,5668
7,5669
2091,5669
1858,5670
1220,5671
1220,5671
203,5672
2006,5673
2006,5673
161,5674
161,5674
310,5675
2793,5676
113,5677
203,5678
211,5678
218,5678
220,5678
220,5678
302,5679
217,5680
3079,5681
217,5682
1889,5683
2059,5684
377,5685
1381,5686
220,5687
2741,5688
107,5689
324,5690
37,5691
3012,5692
3012,5692
200,5693
1339,5694
1339,5694
1339,5694
766,5695
1331,5696
227,5697
422,5698
134,5699
418,5700
203,5701
464,5702
220,5703
1729,5704
214,5705
282,5706
693,5707
214,5708
151,5709
673,5709
673,5709
422,5710
2656,5711
191,5712
203,5712
203,5713
615,5714
368,5715
368,5715
2998,5716
536,5716
191,5717
2741,5718
360,5719
368,5719
368,5719
368,5719
221,5720
310,5721
65,5722
2778,5723
2778,5723
1151,5724
43,5725
2313,5726
1939,5727
989,5727
844,5728
310,5729
217,5730
217,5730
217,5730
3107,5731
3107,5731
982,5732
145,5733
2189,5734
241,5736
59,5737
1827,5738
1868,5738
315,5739
2059,5740
2059,5740
266,5741
266,5741
2656,5742
102,5743
2086,5744
370,5745
2264,5746
214,5747
203,5748
203,5748
203,5749
145,5750
2800,5751
1279,5752
172,5753
1781,5754
2793,5755
1796,5756
1796,5756
1216,5757
422,5758
422,5758
113,5759
113,5759
2249,5760
2741,5761
2766,5761
1268,5762
310,5763
1188,5763
179,5763
179,5763
1381,5764
1381,5764
615,5765
1262,5766
2059,5767
454,5768
140,5769
726,5770
726,5770
1339,5771
1339,5771
106,5772
25,5773
1339,5774
1739,5775
1739,5775
1200,5776
3088,5777
24,5778
323,5779
1830,5780
203,5781
2605,5783
813,5784
813,5784
772,5785
261,5786
185,5787
331,5788
1220,5789
1948,5790
363,5792
217,5793
2059,5794
2119,5794
261,5795
224,5796
203,5797
215,5797
221,5797
105,5798
106,5798
134,5799
577,5800
96,5801
2313,5802
710,5803
1050,5804
674,5805
674,5805
674,5805
201,5806
615,5807
681,5807
1218,5808
1218,5808
1218,5808
1218,5808
1218,5808
1226,5808
1774,5809
1774,5809
426,5810
41,5811
108,5812
108,5812
234,5813
1217,5814
299,5815
2059,5816
1901,5817
243,5818
7,5819
1261,5819
563,5820
2793,5821
324,5822
166,5823
2582,5824
1769,5825
422,5826
310,5827
591,5828
341,5829
3067,5830
3067,5830
649,5831
51,5832
185,5833
324,5834
1228,5835
214,5836
2820,5837
1906,5838
44,5838
1987,5838
1220,5839
30,5839
30,5839
1214,5839
191,5840
106,5841
203,5842
226,5843
58,5844
1214,5845
2282,5846
1285,5847
1285,5847
1285,5847
964,5848
964,5848
374,5849
103,5850
245,5851
261,5851
37,5851
1507,5852
1739,5853
203,5854
1222,5855
1781,5856
233,5857
203,5858
203,5858
225,5859
1214,5860
2741,5861
2656,5862
2984,5863
2180,5864
243,5865
1191,5865
1191,5865
1191,5865
1191,5865
1191,5865
1191,5865
1191,5865
1191,5865
1191,5865
1191,5865
197,5866
615,5867
638,5867
698,5868
307,5869
243,5870
377,5871
1222,5872
32,5873
115,5874
2793,5875
65,5876
2748,5877
603,5878
2871,5879
2356,5880
135,5881
135,5881
623,5882
2256,5883
1773,5884
1773,5884
1290,5885
1290,5885
1290,5885
217,5886
1220,5887
1220,5887
59,5888
405,5889
179,5889
24,5890
3115,5891
1123,5892
2582,5892
2741,5892
2808,5893
2808,5893
2808,5893
2808,5893
42,5894
45,5894
324,5895
3115,5896
60,5897
227,5898
203,5899
2539,5900
1806,5900
51,5900
2725,5900
59,5900
2741,5900
30,5901
108,5902
64,5903
24,5904
166,5904
197,5905
203,5906
203,5907
214,5907
39,5908
674,5909
674,5909
227,5910
1034,5911
794,5912
692,5913
426,5914
382,5915
214,5916
1217,5917
310,5917
2322,5918
39,5919
39,5919
1969,5920
2564,5921
24,5921
217,5922
697,5923
2047,5923
2091,5923
681,5923
638,5924
225,5925
203,5926
536,5927
214,5928
3084,5929
3085,5929
1497,5930
30,5931
30,5931
30,5931
310,5931
442,5932
59,5933
51,5934
422,5935
455,5936
759,5937
307,5938
422,5939
2209,5940
615,5941
310,5942
28,5943
28,5943
422,5944
422,5945
1781,5946
1781,5946
51,5947
536,5947
536,5947
2754,5948
199,5949
203,5949
203,5949
203,5949
203,5949
203,5949
217,5949
217,5949
227,5949
229,5949
238,5949
321,5950
321,5950
321,5950
2540,5951
2540,5951
203,5952
2133,5953
2133,5953
2257,5953
2257,5953
2259,5953
713,5953
713,5953
713,5953
713,5953
713,5953
713,5953
713,5953
2274,5953
1191,5953
1191,5953
1191,5953
2961,5954
220,5955
1193,5956
140,5956
692,5957
368,5958
312,5959
312,5959
240,5960
498,5961
1381,5962
1774,5963
1774,5963
1319,5964
1319,5964
1364,5964
1364,5964
41,5965
713,5966
30,5966
693,5967
1379,5968
24,5969
315,5970
1374,5971
3088,5972
422,5973
442,5974
14,5975
14,5975
363,5976
363,5976
2971,5977
2971,5977
203,5978
370,5979
65,5980
47,5981
47,5982
65,5983
24,5984
288,5985
214,5986
363,5987
52,5988
2804,5988
454,5989
113,5990
368,5991
3088,5992
203,5993
649,5994
2039,5994
2793,5995
536,5996
309,5997
2720,5998
191,6000
75,6001
1176,6002
203,6003
208,6004
145,6005
219,6006
214,6007
29,6008
938,6009
938,6009
2093,6010
2093,6010
3115,6011
2524,6012
2984,6013
105,6014
203,6015
2486,6016
457,6017
30,6018
1381,6018
615,6019
958,6020
2605,6021
1806,6022
1806,6022
422,6023
1895,6024
2046,6025
2048,6025
117,6025
2054,6025
32,6025
455,6025
726,6025
2077,6025
347,6025
2086,6025
151,6025
2091,6025
747,6025
2108,6025
2108,6025
302,6025
2119,6025
2120,6025
536,6025
2128,6025
30,6026
321,6027
30,6028
2800,6029
211,6030
713,6031
713,6031
201,6032
243,6033
30,6035
540,6036
203,6037
65,6038
2600,6039
227,6040
2984,6041
36,6042
3088,6043
220,6044
173,6045
683,6046
683,6046
683,6046
683,6046
683,6046
1331,6047
1806,6048
166,6049
422,6050
2223,6051
3083,6052
3083,6052
1980,6053
201,6054
1134,6055
45,6057
191,6058
638,6059
844,6060
1374,6061
102,6062
106,6062
346,6063
1339,6064
245,6065
377,6066
217,6067
715,6068
779,6068
1785,6069
1785,6069
1785,6069
681,6070
201,6071
377,6072
173,6073
1770,6074
179,6074
1279,6076
1,6077
32,6079
310,6080
310,6080
310,6080
1799,6081
2656,6082
2984,6082
214,6083
685,6084
2695,6085
368,6086
1226,6087
1643,6088
604,6089
191,6090
264,6091
311,6092
30,6093
615,6094
2257,6095
51,6095
214,6096
331,6097
584,6098
1185,6099
418,6100
2128,6101
2128,6101
2335,6102
2244,6103
2800,6104
2982,6105
640,6106
201,6107
2209,6108
243,6109
305,6109
169,6110
203,6111
145,6112
2059,6113
2656,6114
1858,6115
2242,6116
641,6117
641,6117
641,6117
41,6118
57,6118
261,6119
324,6120
37,6123
59,6123
457,6124
58,6125
58,6125
774,6126
191,6127
203,6127
203,6127
218,6127
191,6128
2571,6129
45,6130
1804,6131
1771,6132
1771,6132
2989,6133
201,6134
2340,6135
2340,6135
422,6136
422,6136
14,6137
1576,6137
961,6138
1292,6139
2059,6140
1774,6141
119,6142
1807,6143
423,6144
203,6145
227,6145
1314,6146
1314,6146
759,6147
1662,6148
649,6149
498,6150
368,6151
1220,6152
136,6153
764,6153
779,6153
356,6154
2798,6155
2798,6155
225,6156
225,6156
155,6157
1969,6158
1381,6159
201,6160
2957,6161
2957,6161
2957,6161
261,6161
65,6162
145,6163
316,6164
1254,6165
1881,6166
649,6167
534,6168
1840,6169
3023,6170
2128,6171
2128,6171
1292,6172
896,6173
2283,6174
2283,6174
113,6175
172,6175
179,6176
2316,6177
324,6178
226,6179
30,6180
37,6180
641,6180
41,6180
44,6180
45,6180
45,6180
51,6180
214,6181
59,6182
1621,6183
1621,6183
982,6184
2059,6185
227,6186
107,6186
41,6187
1834,6188
1834,6188
452,6189
426,6190
372,6191
1774,6192
1774,6192
1774,6192
225,6193
426,6194
1094,6195
1774,6196
611,6197
217,6198
753,6199
201,6200
1872,6201
58,6202
2656,6203
367,6204
224,6205
224,6205
912,6206
1265,6207
422,6208
179,6209
1228,6210
1228,6210
240,6211
1769,6212
1769,6212
1771,6212
1913,6213
914,6214
220,6215
37,6216
2800,6217
224,6218
526,6219
1223,6220
227,6221
227,6221
3060,6222
14,6223
203,6224
1213,6225
36,6226
1886,6227
2088,6228
2793,6229
211,6230
214,6231
324,6232
1222,6233
422,6234
45,6235
628,6236
2108,6236
629,6237
214,6238
30,6239
201,6240
201,6241
813,6242
727,6243
103,6244
203,6245
211,6245
211,6245
114,6246
422,6247
536,6248
2059,6249
225,6250
1331,6251
173,6251
888,6252
1827,6253
3127,6253
49,6254
2244,6255
2244,6255
2244,6255
2458,6256
167,6257
422,6258
58,6259
638,6260
2201,6261
1222,6262
2541,6263
10,6263
1339,6264
32,6265
804,6266
30,6267
37,6268
382,6269
225,6270
1163,6271
401,6272
5,6273
615,6274
1980,6275
1832,6276
127,6277
1980,6278
2800,6279
65,6280
888,6281
232,6282
1207,6283
1207,6283
2991,6284
443,6285
1948,6285
179,6285
363,6286
1010,6287
422,6288
649,6288
41,6289
1397,6290
1381,6291
536,6292
639,6293
310,6294
310,6294
2705,6295
1266,6296
422,6297
2683,6298
1886,6299
1886,6299
217,6300
536,6301
2741,6302
302,6303
3099,6304
208,6305
221,6306
1917,6307
65,6308
188,6309
188,6309
193,6309
221,6309
107,6309
114,6310
577,6311
2059,6312
2696,6313
24,6314
615,6315
1048,6316
422,6317
1937,6318
1937,6318
607,6319
1804,6320
847,6321
1424,6322
1870,6323
36,6324
2486,6325
261,6327
536,6328
2244,6329
2245,6329
2251,6329
2251,6329
2274,6329
2277,6329
232,6330
1774,6331
134,6332
452,6332
692,6333
2626,6334
1954,6335
1954,6335
38,6336
51,6337
536,6338
2093,6339
45,6340
1381,6341
312,6343
312,6343
1314,6344
214,6345
48,6346
2656,6347
813,6348
813,6348
772,6349
620,6350
1841,6351
2129,6351
2793,6352
2637,6353
199,6354
1802,6355
1802,6355
1774,6356
1064,6357
1064,6357
1064,6357
194,6359
2748,6360
693,6360
998,6361
243,6362
203,6363
233,6363
16,6364
1381,6365
2108,6366
32,6367
2120,6367
816,6368
816,6368
196,6369
2209,6370
102,6371
430,6372
537,6373
537,6373
201,6374
44,6374
200,6375
238,6375
2101,6376
2101,6376
1374,6377
1123,6378
249,6379
694,6380
422,6381
191,6382
615,6383
534,6384
2582,6385
109,6386
1386,6387
24,6388
692,6389
1013,6390
32,6391
598,6392
203,6393
225,6393
377,6394
102,6395
323,6396
611,6397
536,6398
2658,6399
2658,6399
331,6400
989,6401
199,6402
682,6403
56,6404
220,6405
602,6406
45,6407
2337,6408
2215,6409
139,6410
169,6410
2165,6411
2059,6412
217,6413
1948,6414
191,6415
372,6416
1886,6416
201,6417
598,6418
694,6419
203,6420
2741,6421
363,6422
455,6423
149,6423
1460,6423
201,6424
102,6425
106,6425
877,6426
877,6426
877,6426
203,6427
638,6428
140,6429
3099,6430
40,6431
40,6431
1452,6432
2656,6433
1774,6434
628,6435
692,6436
214,6437
1322,6438
149,6439
2244,6440
2274,6440
2280,6440
2280,6440
2280,6440
659,6440
1374,6441
65,6441
221,6442
2656,6443
422,6444
36,6445
218,6446
324,6447
2741,6448
1034,6449
2088,6450
214,6451
214,6451
426,6452
426,6452
2826,6453
649,6454
422,6455
200,6456
200,6456
37,6458
173,6459
203,6460
611,6461
2582,6462
726,6462
2748,6462
1886,6463
43,6464
43,6464
1774,6465
1156,6466
1729,6467
1314,6468
315,6469
1293,6469
511,6470
42,6471
602,6472
2059,6473
8,6474
152,6475
36,6476
3093,6477
2312,6478
1339,6479
1322,6480
422,6481
194,6482
2060,6483
341,6483
341,6483
2077,6483
1261,6483
2091,6483
47,6483
372,6483
2113,6483
1876,6483
681,6483
681,6483
302,6483
302,6483
2119,6483
2128,6483
2128,6483
369,6484
370,6484
310,6485
310,6485
3060,6486
193,6487
382,6488
1290,6489
117,6490
145,6491
53,6491
3115,6492
1160,6493
615,6494
1383,6495
1176,6496
10,6498
615,6499
63,6500
302,6501
536,6502
2741,6503
2242,6504
45,6505
430,6506
37,6506
649,6507
105,6508
51,6509
7,6510
1774,6511
2532,6512
2541,6512
2138,6513
2654,6514
694,6516
194,6517
1362,6518
578,6519
665,6520
683,6520
2968,6521
47,6522
197,6523
10,6524
418,6524
426,6525
30,6526
201,6526
50,6526
755,6526
778,6526
221,6527
310,6528
346,6529
512,6530
422,6531
692,6531
201,6532
201,6532
126,6533
923,6534
301,6535
857,6536
857,6536
422,6537
681,6538
713,6539
1882,6539
1765,6540
443,6541
615,6542
50,6543
1942,6544
1381,6545
1193,6546
140,6546
1207,6546
422,6547
2800,6548
182,6549
2112,6550
203,6551
240,6551
363,6552
363,6552
363,6552
191,6553
615,6554
813,6555
203,6556
203,6556
1460,6557
2244,6558
2244,6558
1331,6559
201,6560
201,6561
2046,6562
726,6562
122,6563
2184,6563
2847,6564
628,6565
966,6566
1966,6567
747,6568
1937,6569
2971,6571
119,6572
2059,6573
45,6573
422,6574
2044,6575
615,6576
201,6577
203,6578
214,6579
2337,6580
1913,6581
201,6582
2282,6583
2282,6583
426,6584
217,6585
217,6585
220,6585
416,6586
989,6587
608,6588
1319,6589
1339,6589
1339,6589
1050,6590
2253,6592
2793,6593
220,6594
220,6594
1564,6595
173,6596
1374,6597
329,6598
45,6599
145,6600
240,6601
1310,6602
122,6603
1191,6604
1191,6604
382,6605
203,6606
1275,6607
36,6608
50,6609
50,6609
1001,6610
33,6611
2257,6612
51,6612
59,6613
2059,6614
1331,6615
1611,6616
2148,6618
341,6619
179,6620
638,6621
3088,6622
149,6623
1292,6624
1207,6625
422,6626
37,6627
201,6628
1561,6629
65,6630
1381,6631
376,6632
376,6632
376,6632
376,6632
1292,6633
1281,6634
656,6634
674,6635
1980,6636
225,6637
106,6638
2582,6639
2984,6640
2316,6641
2333,6641
2209,6642
2,6643
2093,6644
1214,6645
261,6646
2201,6647
917,6649
2244,6650
2244,6650
2244,6650
1858,6651
8,6652
201,6653
234,6654
37,6655
179,6656
179,6656
747,6657
1781,6658
179,6658
51,6659
534,6659
534,6659
536,6659
536,6660
1192,6661
2374,6662
692,6663
1770,6664
1771,6664
1339,6665
1917,6666
1917,6666
220,6667
2656,6668
1948,6669
912,6670
301,6670
641,6671
641,6671
1339,6672
341,6673
238,6674
54,6675
234,6676
2114,6677
2114,6677
2741,6678
2224,6679
323,6680
348,6680
3138,6681
1314,6682
1374,6682
65,6682
203,6683
1787,6684
1787,6684
1787,6684
615,6685
452,6686
974,6687
1958,6688
24,6689
727,6690
1811,6691
134,6692
59,6693
2656,6694
2984,6695
179,6696
2365,6697
813,6698
363,6699
3077,6700
1164,6701
2646,6702
48,6703
51,6704
34,6705
2059,6706
1780,6707
648,6708
648,6708
2184,6709
1785,6710
2045,6711
2045,6711
264,6712
2247,6713
201,6714
201,6714
126,6715
341,6716
966,6717
426,6718
65,6719
107,6720
649,6721
1331,6722
2600,6723
2536,6724
2650,6724
201,6725
912,6726
2705,6726
2646,6727
214,6727
214,6727
214,6727
2307,6728
2307,6728
51,6729
10,6730
418,6730
550,6731
559,6731
1121,6732
364,6733
52,6735
52,6735
607,6736
607,6736
607,6736
1774,6737
422,6738
203,6739
521,6740
2119,6741
950,6742
692,6743
36,6744
2059,6745
204,6746
151,6747
846,6747
846,6747
598,6748
598,6748
249,6749
201,6750
363,6751
1045,6752
2,6753
1331,6754
166,6755
2209,6756
234,6757
145,6758
639,6759
47,6760
393,6761
346,6762
370,6762
25,6763
25,6763
37,6764
2958,6765
179,6766
194,6767
422,6768
1331,6769
1374,6769
1292,6770
846,6771
534,6771
36,6772
36,6772
2059,6773
364,6774
1773,6775
24,6776
305,6777
604,6778
37,6779
3088,6780
191,6781
136,6782
455,6783
455,6784
2777,6785
469,6787
422,6788
24,6789
2313,6790
602,6791
1774,6792
426,6793
2541,6794
16,6795
1381,6796
2244,6797
2244,6797
59,6798
341,6799
311,6800
2201,6801
145,6802
422,6803
201,6804
191,6805
615,6806
1562,6807
1838,6808
1838,6808
1886,6808
1886,6808
1886,6809
888,6810
2190,6811
611,6812
611,6812
611,6812
2536,6813
34,6814
2257,6815
30,6816
1181,6817
2128,6818
1146,6819
179,6820
1314,6821
457,6822
30,6823
214,6824
214,6825
926,6826
926,6826
1191,6827
2656,6828
405,6829
604,6829
951,6830
422,6831
305,6832
1413,6833
1788,6834
286,6835
2059,6836
30,6837
30,6837
692,6837
641,6838
422,6839
615,6839
536,6840
1292,6841
119,6842
580,6842
203,6843
211,6843
65,6844
2682,6845
1008,6846
1906,6846
2605,6847
998,6848
950,6849
950,6849
1787,6849
317,6849
1346,6850
2059,6852
2138,6853
65,6854
2804,6854
602,6855
51,6856
1207,6856
1886,6857
1886,6857
2793,6858
117,6859
2804,6860
45,6861
25,6862
1841,6863
369,6864
2808,6865
534,6866
1220,6867
51,6868
307,6869
45,6870
2244,6871
96,6872
2536,6873
472,6874
472,6874
405,6875
145,6876
2195,6877
1774,6878
1774,6878
47,6879
2800,6880
422,6882
232,6883
302,6884
1336,6885
693,6886
363,6887
921,6888
65,6889
65,6890
788,6891
1864,6892
1864,6892
1864,6892
1876,6893
202,6894
267,6895
37,6895
2120,6896
302,6897
1314,6898
522,6899
2059,6900
146,6901
1092,6902
598,6903
443,6904
813,6905
452,6906
223,6907
976,6908
402,6909
1050,6910
536,6911
224,6912
608,6913
2128,6914
203,6915
1749,6916
36,6917
200,6918
2,6919
2337,6920
2972,6921
2449,6922
7,6923
1806,6924
2656,6925
370,6926
341,6927
2088,6927
2088,6927
673,6927
1763,6929
450,6930
2984,6931
173,6932
191,6933
2128,6934
196,6935
2322,6936
1980,6937
348,6938
1774,6939
134,6940
1339,6941
61,6942
61,6942
681,6943
422,6944
2593,6945
166,6946
2984,6947
2703,6948
1381,6949
176,6950
3033,6951
3033,6951
119,6952
2984,6953
498,6954
299,6955
2982,6955
1279,6956
3079,6957
405,6958
598,6959
3107,6959
3107,6959
201,6960
201,6960
201,6960
201,6960
2815,6961
2815,6961
2815,6961
2815,6961
2815,6961
2582,6962
1120,6963
2178,6963
1457,6963
1588,6963
422,6964
315,6965
217,6966
368,6967
2113,6968
58,6969
1729,6970
26,6972
1261,6973
694,6974
10,6975
2536,6976
1806,6976
119,6977
1009,6978
1785,6979
2138,6980
611,6981
60,6982
730,6983
640,6984
36,6985
2726,6986
323,6987
323,6987
912,6988
2570,6989
400,6990
119,6991
426,6992
368,6992
726,6993
305,6994
277,6995
277,6995
243,6996
1930,6997
37,6998
607,6999
113,7000
2257,7001
51,7001
2236,7002
457,7003
326,7004
1707,7005
659,7005
426,7006
212,7007
232,7007
201,7008
36,7009
382,7010
2741,7011
37,7012
37,7012
452,7013
448,7014
203,7015
3060,7016
3060,7016
203,7017
1381,7018
1381,7018
169,7019
1223,7020
2800,7021
159,7022
159,7022
422,7023
692,7023
2753,7024
156,7026
1576,7027
37,7028
457,7029
37,7029
693,7029
1381,7030
1441,7031
50,7031
2322,7032
2324,7032
2061,7033
2800,7034
422,7035
2967,7036
2967,7036
2967,7036
422,7037
683,7037
641,7038
681,7039
1181,7040
950,7041
185,7042
1774,7043
201,7044
2346,7045
2340,7046
166,7047
2804,7048
360,7050
360,7050
629,7051
1979,7051
363,7052
363,7052
1939,7053
2340,7054
638,7055
199,7056
1010,7057
1010,7057
2059,7058
37,7059
813,7060
422,7061
580,7062
166,7063
1337,7064
310,7065
1766,7066
1766,7066
2209,7067
329,7068
1381,7069
418,7070
214,7071
2201,7072
457,7073
2001,7074
2001,7074
891,7075
1580,7076
1580,7076
51,7077
1002,7078
1972,7079
1972,7079
1972,7079
692,7080
950,7081
317,7081
98,7082
1810,7083
1045,7084
1893,7085
1909,7085
1770,7085
32,7086
2232,7087
3092,7088
420,7089
37,7090
114,7091
772,7091
534,7091
844,7092
1207,7093
1207,7093
1781,7094
323,7095
1841,7096
2236,7097
22,7098
426,7099
416,7100
886,7101
65,7102
321,7103
2571,7104
2307,7105
2307,7105
2307,7105
422,7106
422,7106
422,7106
166,7107
640,7108
203,7109
422,7110
2650,7111
211,7112
1010,7113
1254,7114
1780,7115
1780,7115
1780,7115
1780,7115
1781,7115
134,7116
457,7116
536,7117
55,7118
377,7119
29,7120
430,7121
430,7121
1806,7122
598,7123
691,7123
58,7124
62,7125
199,7126
363,7127
363,7127
1886,7128
1886,7128
240,7129
51,7130
464,7131
201,7132
201,7132
201,7132
172,7133
145,7134
41,7134
41,7134
41,7134
598,7135
1381,7136
1381,7136
2264,7137
2264,7137
2280,7137
2282,7137
51,7137
51,7137
51,7137
1191,7137
1827,7138
1314,7139
1329,7139
1365,7139
2746,7140
1841,7141
36,7142
422,7143
102,7144
134,7145
160,7146
639,7147
24,7148
1307,7149
1307,7149
207,7150
2992,7151
201,7152
60,7152
681,7153
214,7154
2059,7155
2847,7156
1279,7157
457,7158
410,7159
1770,7160
713,7161
659,7161
1198,7162
113,7163
1841,7164
1841,7164
1841,7164
1254,7164
1858,7164
1858,7164
449,7165
1292,7166
1731,7167
2564,7168
1151,7169
533,7170
1777,7171
2274,7172
2244,7173
2251,7173
2251,7173
7,7173
2259,7173
611,7173
1707,7173
51,7173
2289,7173
65,7173
65,7173
2377,7174
2377,7174
1830,7175
119,7176
598,7177
23,7178
1774,7179
201,7180
188,7181
188,7181
216,7181
515,7182
1421,7183
1774,7184
321,7185
321,7185
37,7186
59,7186
2035,7187
1381,7188
2893,7189
534,7189
2059,7190
2567,7191
2582,7191
2673,7191
2712,7191
2712,7191
211,7192
1774,7193
1840,7194
1840,7194
199,7195
1804,7196
2108,7197
134,7198
55,7198
422,7200
422,7200
201,7200
201,7200
151,7200
151,7200
151,7200
1889,7201
534,7202
3,7203
2580,7204
2108,7205
166,7206
166,7206
166,7206
223,7207
1801,7208
45,7210
2296,7211
1257,7212
37,7213
30,7214
10,7215
10,7215
534,7216
34,7217
166,7218
36,7219
498,7219
1534,7220
65,7222
996,7223
2424,7224
358,7225
426,7225
2480,7226
1401,7227
1128,7228
310,7229
2605,7230
245,7231
56,7232
1377,7233
886,7233
1785,7234
3115,7235
3115,7235
422,7236
1156,7237
1826,7238
536,7239
1831,7240
64,7241
51,7242
714,7243
1739,7244
1246,7245
422,7246
422,7246
392,7247
25,7248
1140,7249
692,7250
236,7251
1203,7252
1203,7252
3088,7253
2277,7254
2842,7255
2448,7256
1013,7257
422,7258
36,7259
36,7259
2735,7260
1983,7261
1987,7261
58,7262
683,7262
7,7263
7,7263
29,7264
29,7264
1112,7265
1951,7266
464,7267
1385,7268
2346,7269
2346,7269
2600,7270
457,7270
1355,7271
321,7272
2161,7273
2418,7273
201,7274
52,7275
1872,7276
1872,7276
534,7276
534,7276
1339,7277
1383,7277
886,7277
2741,7278
2741,7278
846,7279
615,7280
166,7281
65,7282
2059,7283
2059,7283
300,7284
300,7284
405,7285
405,7285
405,7285
604,7286
625,7286
664,7286
691,7286
694,7286
2,7287
1101,7288
2425,7288
2425,7288
2425,7288
201,7291
1497,7292
44,7292
201,7293
32,7294
1217,7295
1980,7296
1330,7297
697,7298
697,7298
55,7299
55,7299
2106,7300
2307,7301
37,7302
382,7303
382,7303
1008,7304
405,7305
422,7306
114,7307
226,7308
29,7309
197,7310
221,7310
552,7311
559,7311
310,7312
1368,7313
738,7314
2059,7315
2984,7316
693,7317
203,7318
3088,7319
32,7320
47,7320
2676,7321
507,7322
1316,7323
1774,7324
1339,7325
119,7326
377,7327
2600,7328
40,7329
40,7329
3084,7330
813,7331
203,7332
203,7332
1292,7333
1773,7334
911,7335
370,7336
208,7337
58,7338
2281,7339
2281,7339
2281,7339
943,7340
659,7341
659,7341
659,7341
384,7342
341,7343
1906,7344
1906,7344
1970,7344
422,7345
1128,7346
550,7347
422,7348
65,7349
30,7350
1774,7351
149,7352
171,7353
194,7354
534,7355
205,7356
611,7357
201,7358
126,7359
3060,7360
3088,7360
2352,7361
193,7362
215,7362
1861,7363
1298,7364
1298,7364
114,7365
10,7366
382,7367
369,7368
2536,7370
1804,7370
65,7371
224,7372
201,7373
201,7374
310,7375
1203,7376
1707,7377
346,7378
426,7378
598,7379
264,7380
615,7381
17,7382
958,7383
958,7383
25,7384
25,7384
536,7384
54,7385
203,7386
1876,7387
201,7388
3088,7389
35,7390
2060,7391
681,7391
201,7392
772,7393
3060,7394
2057,7395
2059,7395
2059,7395
1939,7396
537,7397
49,7398
2282,7399
847,7400
2114,7401
681,7401
534,7401
1246,7402
58,7403
51,7404
161,7405
443,7406
577,7407
577,7407
201,7408
2059,7409
902,7410
30,7410
30,7410
961,7410
61,7411
422,7412
58,7413
117,7414
221,7415
713,7416
203,7417
1767,7418
1767,7418
179,7419
151,7420
341,7421
123,7422
1686,7423
1381,7424
1228,7426
1228,7426
1228,7426
106,7427
194,7428
37,7429
37,7429
1495,7430
759,7431
422,7432
51,7433
2086,7434
2534,7435
179,7436
1788,7437
2393,7438
1951,7439
151,7440
1773,7441
1773,7441
847,7442
847,7442
2346,7443
2346,7443
2209,7444
2232,7444
2041,7445
1188,7446
2185,7447
536,7448
324,7449
114,7450
24,7450
45,7451
65,7452
37,7453
607,7454
112,7456
7,7457
1263,7458
536,7459
364,7460
384,7460
384,7460
426,7461
1319,7462
1364,7462
45,7463
2059,7464
123,7466
30,7467
1374,7468
3115,7469
2541,7470
436,7471
422,7473
2045,7474
2045,7474
2120,7474
1207,7475
422,7476
2631,7477
225,7478
169,7479
169,7479
2656,7480
123,7481
3012,7482
1163,7483
1830,7484
1830,7484
422,7485
373,7486
373,7486
311,7487
950,7488
26,7489
422,7490
1774,7491
2741,7492
24,7493
2045,7494
2045,7494
2045,7494
109,7495
693,7496
428,7497
428,7497
1951,7498
370,7499
104,7500
629,7501
331,7502
364,7503
34,7504
747,7505
2206,7506
261,7507
149,7508
126,7509
422,7510
727,7511
604,7512
726,7513
159,7514
201,7515
1405,7516
127,7517
1639,7518
258,7519
220,7520
3103,7521
3103,7521
1788,7522
1228,7523
1228,7523
1228,7523
603,7525
2961,7526
1773,7527
2699,7528
2045,7529
7,7529
2077,7529
1261,7529
1261,7529
2244,7530
1292,7531
316,7532
368,7533
3138,7534
172,7535
172,7535
685,7536
199,7537
2307,7538
896,7539
2209,7540
1707,7541
1527,7542
113,7543
2613,7544
629,7545
1374,7546
14,7547
24,7548
2056,7549
205,7550
1806,7551
1006,7552
1771,7553
1331,7554
323,7555
1788,7556
179,7557
2239,7558
2239,7558
37,7559
1314,7560
1314,7560
1325,7560
640,7561
1785,7562
552,7564
536,7565
1145,7566
422,7567
3083,7568
52,7569
1454,7570
3140,7571
2056,7572
50,7572
2112,7572
65,7572
536,7572
452,7573
1322,7574
886,7574
52,7575
323,7576
1895,7577
1200,7578
2990,7579
199,7580
2054,7581
341,7581
243,7582
2088,7583
2088,7583
2108,7584
3088,7585
550,7586
242,7587
205,7588
673,7589
29,7590
1254,7591
214,7592
2722,7593
211,7594
2257,7595
2257,7595
1290,7596
1774,7597
2059,7598
3093,7599
363,7600
1162,7601
452,7602
97,7603
108,7603
108,7603
611,7604
1331,7605
422,7606
341,7607
145,7608
464,7609
457,7610
629,7611
1806,7611
950,7611
425,7612
161,7613
161,7613
405,7614
1160,7615
904,7616
3060,7617
3060,7617
302,7618
65,7619
422,7620
603,7621
405,7622
8,7623
1785,7624
1785,7624
1785,7624
1785,7624
1481,7625
16,7626
261,7626
95,7627
108,7627
1774,7628
1381,7629
422,7630
615,7630
119,7631
709,7631
709,7631
1321,7632
2108,7633
713,7634
2990,7635
44,7636
523,7637
2184,7638
2057,7639
2281,7640
2705,7641
2741,7641
1279,7642
1773,7643
196,7644
160,7646
37,7647
37,7648
2134,7649
405,7650
40,7651
1774,7652
59,7653
14,7654
3060,7655
191,7656
646,7657
395,7658
356,7659
51,7659
2735,7659
1374,7660
37,7661
3104,7662
3104,7662
217,7663
1081,7664
2656,7666
261,7667
51,7668
1864,7668
1874,7668
1874,7668
25,7669
2244,7670
2748,7671
2071,7672
422,7673
405,7674
122,7675
3093,7676
36,7677
58,7677
58,7677
1861,7679
982,7680
1886,7681
1774,7682
119,7683
107,7684
3092,7685
1871,7686
324,7687
2059,7688
1841,7689
3093,7690
2607,7691
659,7692
1870,7693
201,7694
201,7694
123,7695
108,7696
912,7697
1485,7698
904,7699
849,7700
936,7701
194,7702
1895,7703
896,7704
214,7705
214,7705
422,7706
151,7707
48,7708
1365,7709
2362,7710
2362,7710
638,7711
1886,7712
1886,7712
1788,7713
1870,7714
1870,7714
134,7715
166,7716
555,7717
380,7718
48,7719
1292,7720
1292,7720
3012,7721
1802,7722
288,7722
2229,7723
14,7724
201,7725
45,7726
233,7727
1364,7728
1292,7729
536,7730
1228,7731
3099,7732
30,7733
2765,7733
766,7734
2350,7735
41,7736
203,7737
598,7738
3090,7738
2982,7739
7,7740
149,7741
113,7742
1774,7743
1774,7743
108,7744
225,7745
1787,7746
203,7747
686,7748
395,7749
145,7750
372,7751
372,7751
1466,7752
3085,7753
1773,7754
1188,7754
1555,7755
40,7756
2762,7757
2541,7758
1841,7759
1841,7759
2088,7759
59,7760
452,7761
126,7762
2091,7763
428,7764
45,7765
45,7765
345,7766
1381,7767
426,7768
426,7768
1516,7769
1588,7770
1774,7771
938,7772
2656,7773
677,7774
1774,7775
457,7776
440,7777
2698,7778
194,7779
713,7780
713,7780
950,7781
2133,7782
2133,7782
1889,7783
1788,7784
1788,7784
958,7785
2303,7786
495,7787
1417,7788
400,7789
238,7790
2492,7791
384,7792
1785,7793
1785,7793
1785,7793
249,7794
52,7795
305,7795
1871,7796
1871,7796
1871,7796
201,7797
229,7797
2128,7798
1138,7799
1781,7800
341,7801
625,7802
1241,7803
14,7804
2059,7805
185,7806
243,7807
1035,7807
2605,7808
1774,7809
430,7810
315,7811
2800,7812
1233,7813
536,7814
341,7815
752,7816
1780,7817
1780,7817
363,7818
302,7819
114,7820
422,7820
422,7820
201,7820
646,7820
650,7820
650,7820
59,7820
182,7820
694,7820
692,7821
988,7822
1325,7823
2059,7824
2059,7824
2729,7825
889,7826
2248,7827
2248,7827
2248,7827
1886,7828
50,7829
41,7830
2985,7831
341,7832
138,7833
55,7833
638,7834
201,7834
201,7834
201,7834
201,7834
201,7834
201,7834
201,7834
649,7834
649,7834
1188,7835
1188,7835
301,7836
628,7837
36,7838
7,7839
194,7840
224,7841
136,7842
2676,7843
1932,7844
51,7845
646,7846
1948,7847
1948,7847
136,7848
2536,7849
640,7849
771,7850
771,7850
2536,7851
25,7852
106,7853
1921,7854
1283,7855
659,7857
422,7858
36,7859
37,7859
1870,7860
422,7861
2,7862
1312,7863
1381,7864
457,7865
234,7866
422,7867
422,7867
360,7868
123,7869
1886,7870
1886,7870
2122,7871
2518,7872
47,7873
457,7874
2282,7875
2282,7875
229,7876
1033,7877
257,7878
2059,7879
59,7880
323,7881
372,7882
2523,7883
427,7884
166,7885
1895,7886
1895,7886
37,7887
2213,7888
1924,7889
8,7890
1774,7891
368,7892
2119,7893
238,7894
3115,7895
1092,7896
322,7897
1707,7897
179,7897
265,7898
1707,7899
1191,7899
1931,7900
16,7901
40,7902
40,7902
1117,7903
193,7904
422,7905
649,7905
117,7906
615,7907
1707,7908
888,7909
1807,7910
34,7911
238,7912
9,7913
14,7913
24,7913
25,7913
37,7913
41,7913
30,7914
149,7915
58,7916
426,7917
1322,7918
45,7919
998,7920
370,7921
673,7922
457,7923
363,7924
363,7924
363,7924
1228,7925
1228,7925
123,7926
2201,7927
2532,7928
713,7929
713,7929
713,7929
233,7930
2656,7931
2800,7932
1948,7933
1932,7934
104,7935
1292,7936
2307,7937
536,7938
649,7939
2210,7940
1774,7941
664,7942
1954,7943
1871,7944
1871,7944
1292,7946
1292,7946
2801,7947
2801,7947
1203,7948
99,7949
7,7950
2291,7950
50,7951
536,7952
2525,7954
450,7955
590,7956
590,7956
2232,7957
382,7958
1383,7959
2184,7960
1827,7961
145,7962
145,7962
145,7962
145,7962
985,7962
602,7963
422,7964
201,7964
45,7964
426,7965
3088,7966
498,7967
498,7968
646,7969
1815,7970
604,7971
25,7971
30,7971
53,7971
372,7971
2528,7972
37,7973
36,7974
149,7974
408,7975
2244,7976
47,7977
638,7978
1766,7979
2251,7980
2251,7980
1774,7981
1775,7981
888,7982
107,7983
1374,7984
166,7985
472,7986
363,7987
363,7987
2251,7988
297,7989
798,7990
798,7990
1261,7991
45,7991
673,7991
2112,7991
185,7992
172,7993
950,7994
2676,7995
1617,7996
243,7997
1374,7998
24,7999
816,7999
1886,8000
1766,8001
426,8002
2800,8003
341,8004
1319,8005
1335,8005
1339,8005
35,8005
167,8005
1374,8005
1374,8005
368,8006
368,8006
368,8006
368,8006
368,8006
368,8006
368,8006
368,8006
2778,8007
50,8008
50,8008
2766,8009
2244,8010
1774,8011
1904,8013
141,8014
534,8015
1974,8016
2086,8017
681,8017
2047,8018
1393,8019
2184,8020
410,8021
320,8022
2244,8023
322,8023
2283,8023
534,8023
534,8023
1840,8024
1841,8024
1775,8025
1775,8025
1775,8025
2992,8026
1114,8027
341,8028
1381,8029
34,8030
166,8031
1924,8032
3060,8033
1381,8034
245,8035
261,8035
145,8036
641,8036
50,8036
56,8037
28,8038
534,8039
785,8040
312,8041
312,8041
312,8041
1381,8042
673,8043
422,8044
305,8045
290,8046
691,8047
319,8048
37,8049
796,8050
2178,8051
892,8052
607,8053
656,8054
131,8055
912,8056
747,8057
775,8058
656,8059
205,8060
51,8061
2424,8062
284,8063
2637,8064
1817,8065
2209,8066
2232,8066
123,8067
1258,8068
37,8069
1381,8070
2277,8071
1780,8072
604,8073
1006,8074
266,8075
530,8076
394,8077
24,8078
866,8079
2992,8080
721,8081
576,8082
1163,8083
512,8084
512,8084
2762,8085
199,8086
1774,8087
2133,8088
37,8089
17,8090
862,8091
862,8091
279,8092
937,8093
214,8094
772,8094
48,8095
565,8096
8,8097
2720,8098
2202,8099
1880,8100
1880,8100
536,8100
149,8101
149,8101
1381,8102
2808,8103
2133,8104
266,8105
2798,8106
1177,8107
14,8108
692,8109
2726,8110
2726,8110
422,8111
1185,8112
1707,8113
345,8114
345,8114
345,8114
697,8115
45,8115
45,8115
258,8116
1273,8117
2349,8118
201,8120
813,8121
1123,8122
2093,8122
1822,8123
1252,8124
169,8125
20,8126
2989,8127
110,8128
1948,8129
179,8129
139,8130
2848,8131
2744,8132
2772,8132
1617,8133
1237,8134
844,8135
30,8136
1774,8137
1050,8138
2088,8139
363,8140
1788,8141
2086,8142
472,8143
1187,8145
1187,8145
405,8146
405,8146
1310,8147
427,8148
506,8149
363,8150
1199,8151
234,8153
1797,8154
1970,8155
363,8156
363,8156
363,8156
1576,8157
2967,8158
1608,8159
953,8160
2251,8161
2251,8161
2264,8161
65,8161
65,8162
65,8162
65,8162
65,8162
11,8163
3060,8164
50,8165
2209,8166
534,8167
10,8168
34,8169
2676,8170
2726,8171
694,8172
615,8173
615,8173
321,8174
2984,8175
2650,8176
3062,8177
34,8178
536,8179
1508,8180
257,8181
2189,8182
2244,8183
1201,8184
2409,8185
1785,8186
1458,8187
244,8188
244,8188
1343,8189
2197,8190
1601,8191
265,8191
615,8192
611,8193
65,8194
1769,8195
1769,8195
201,8196
646,8197
813,8198
616,8199
2982,8200
2799,8201
937,8202
7,8203
3115,8204
205,8205
205,8205
346,8206
368,8206
1961,8207
3104,8208
3106,8209
149,8210
50,8210
585,8210
1774,8211
166,8212
375,8212
2251,8213
1927,8214
2251,8215
175,8216
1381,8217
2632,8218
1010,8219
615,8220
1774,8221
536,8222
1275,8223
285,8224
2536,8225
464,8225
5,8226
315,8227
1381,8228
1112,8229
14,8230
1774,8231
113,8232
214,8233
227,8234
1827,8235
1827,8235
201,8236
615,8237
145,8238
224,8239
410,8240
639,8241
341,8242
607,8243
201,8244
211,8245
2059,8246
2286,8247
2286,8247
2286,8247
1746,8248
1746,8248
2277,8249
713,8250
422,8251
1788,8252
1788,8252
2804,8253
317,8254
771,8255
771,8255
771,8255
2424,8256
2336,8257
1773,8258
422,8259
3079,8260
536,8261
1381,8262
1381,8262
2773,8263
1369,8264
203,8265
240,8265
950,8266
950,8266
29,8267
29,8267
2778,8268
395,8269
395,8269
1774,8270
536,8271
721,8272
2059,8273
51,8273
495,8273
134,8274
128,8275
2091,8276
2108,8276
48,8277
2244,8278
166,8279
166,8280
405,8281
51,8282
51,8282
673,8283
28,8284
201,8285
2800,8286
2244,8287
2257,8287
2257,8287
2284,8287
1773,8288
1773,8288
1773,8288
1773,8288
536,8289
341,8290
2088,8291
2532,8292
635,8293
2424,8294
713,8295
2804,8296
341,8297
28,8298
48,8298
2613,8299
356,8299
59,8299
693,8299
2307,8300
50,8301
422,8302
1314,8303
1339,8303
1870,8304
1785,8305
558,8306
1169,8307
656,8308
1284,8309
787,8310
1207,8311
2041,8312
323,8313
3,8314
23,8314
37,8314
17,8315
2700,8316
36,8317
344,8318
369,8318
201,8319
787,8320
2912,8321
1611,8322
14,8323
422,8324
422,8324
1330,8325
1330,8325
3103,8326
1441,8327
3050,8328
235,8329
1314,8330
3107,8331
950,8332
950,8332
496,8334
1156,8335
1010,8336
1381,8337
659,8338
30,8339
1381,8340
1131,8341
623,8342
36,8343
1898,8344
179,8345
1980,8346
1497,8347
53,8347
422,8348
692,8348
2059,8349
214,8350
1864,8350
2656,8351
2972,8351
37,8352
1288,8353
233,8354
2971,8355
310,8356
1315,8357
697,8358
2047,8359
1279,8360
1898,8361
1931,8361
305,8362
2804,8363
727,8364
1361,8365
2044,8366
950,8367
305,8368
498,8369
2251,8370
1659,8371
257,8372
201,8373
258,8374
1262,8374
1773,8375
317,8375
2741,8376
2741,8376
2564,8377
2770,8377
59,8378
1177,8379
196,8380
196,8380
2202,8381
14,8382
2582,8383
201,8384
149,8385
422,8386
628,8387
455,8388
1161,8389
2,8390
243,8391
1601,8392
2328,8393
493,8393
179,8393
493,8394
1873,8395
2244,8396
65,8397
2307,8398
2793,8399
1254,8400
1848,8400
1848,8400
1848,8400
1228,8401
1228,8401
2479,8402
65,8403
2088,8404
2109,8404
536,8404
2244,8405
34,8406
1098,8406
48,8407
1886,8408
422,8409
302,8410
2244,8411
1449,8412
638,8413
2662,8414
1191,8415
40,8416
1054,8417
201,8418
201,8418
356,8419
356,8419
51,8419
2800,8420
293,8421
2971,8422
2971,8422
341,8423
1886,8424
892,8425
2257,8426
721,8427
721,8427
1050,8428
726,8429
726,8430
48,8431
405,8432
405,8432
405,8432
405,8432
405,8432
2244,8433
1886,8434
3081,8435
1774,8436
156,8437
36,8438
528,8438
1827,8439
1868,8439
1871,8439
883,8440
436,8441
179,8442
3107,8443
771,8444
713,8445
1773,8446
1930,8447
556,8448
1453,8449
426,8450
1899,8451
1870,8452
65,8453
693,8454
1191,8455
2895,8456
30,8457
203,8458
629,8459
192,8460
2454,8461
3060,8462
3060,8462
3060,8462
25,8463
422,8464
261,8464
652,8464
652,8464
648,8464
56,8464
677,8464
173,8464
173,8464
2244,8465
2536,8466
1261,8467
1048,8468
695,8468
37,8469
2511,8470
2511,8470
804,8471
1254,8472
166,8473
2582,8474
232,8475
2716,8476
2650,8477
2720,8477
166,8478
65,8479
1817,8480
301,8481
1774,8482
310,8483
240,8484
674,8485
3060,8486
2582,8488
817,8489
1259,8490
65,8491
65,8491
65,8491
65,8491
65,8491
472,8492
2244,8493
1188,8494
78,8495
982,8496
1339,8497
1367,8497
1050,8498
978,8499
341,8500
26,8501
1192,8502
659,8503
659,8503
1185,8504
1094,8505
646,8506
1929,8507
1342,8508
2119,8509
1162,8510
65,8510
1731,8511
1228,8512
1228,8512
422,8513
201,8513
1252,8514
438,8515
3012,8516
2603,8517
1584,8518
45,8519
1036,8520
178,8521
1587,8521
25,8522
585,8523
2259,8524
2283,8524
201,8525
989,8526
587,8527
2778,8528
39,8529
422,8530
2280,8531
1954,8531
305,8532
179,8533
194,8534
197,8535
179,8536
405,8537
673,8538
3088,8539
1006,8540
1207,8541
1774,8542
1050,8543
1050,8543
2542,8544
2614,8544
1780,8545
1254,8546
2282,8547
2282,8547
2282,8547
64,8548
1339,8549
1114,8550
53,8551
2707,8552
649,8553
233,8554
2441,8555
290,8556
599,8557
392,8558
65,8559
186,8560
187,8560
187,8560
191,8560
209,8560
220,8560
220,8560
40,8561
155,8561
1785,8562
442,8563
2330,8564
370,8565
217,8566
1788,8567
1774,8568
2548,8569
2671,8569
1381,8570
617,8571
47,8571
55,8571
2078,8572
1725,8573
641,8574
27,8575
1339,8576
282,8577
238,8578
225,8579
686,8580
36,8581
210,8582
2758,8583
534,8584
1468,8585
45,8586
3067,8587
2889,8588
596,8589
611,8590
356,8591
356,8591
1403,8592
231,8593
2291,8594
2297,8594
2069,8595
201,8595
201,8595
580,8596
2536,8597
464,8598
1774,8599
46,8600
1775,8601
1841,8602
136,8603
1707,8604
25,8605
775,8606
464,8607
1826,8608
119,8609
628,8610
47,8611
376,8612
2610,8613
1188,8614
1906,8615
79,8616
457,8617
607,8618
327,8619
537,8620
223,8621
30,8622
151,8623
265,8624
1785,8625
2209,8626
50,8627
50,8627
1314,8628
317,8629
1460,8630
47,8631
806,8632
65,8632
30,8633
30,8633
2173,8634
1707,8635
1860,8636
134,8637
25,8638
35,8638
299,8639
3115,8640
324,8641
369,8642
176,8643
1773,8644
379,8645
29,8646
201,8647
236,8648
2955,8649
646,8650
15,8651
713,8652
363,8653
2605,8654
102,8655
98,8656
422,8657
126,8658
1381,8659
766,8660
602,8661
195,8662
197,8662
113,8663
1969,8664
233,8665
343,8666
692,8667
149,8668
363,8669
2775,8670
205,8672
613,8673
613,8673
613,8673
613,8673
691,8673
715,8674
892,8675
1886,8676
2165,8677
1220,8678
1220,8678
1220,8678
2992,8679
2992,8679
51,8680
8,8682
2741,8683
341,8684
261,8685
455,8686
2860,8687
30,8688
179,8689
205,8690
418,8691
1889,8692
1889,8692
2564,8693
2804,8694
1220,8695
405,8696
611,8697
288,8698
288,8698
2322,8699
1214,8700
1214,8700
1214,8700
5,8701
2864,8702
2342,8703
2577,8704
1718,8705
302,8706
2133,8707
126,8707
126,8707
1161,8708
1123,8709
7,8710
2985,8711
1460,8712
498,8713
363,8715
32,8716
2280,8717
958,8718
310,8720
1835,8721
1835,8721
363,8721
760,8722
713,8724
241,8725
56,8726
214,8727
56,8728
194,8729
1258,8730
1848,8731
1848,8731
1848,8731
2741,8732
310,8733
145,8734
30,8735
1939,8736
498,8737
405,8738
97,8739
3084,8740
299,8741
1192,8742
123,8742
1840,8742
1220,8742
214,8742
214,8742
1868,8742
1868,8742
1870,8742
1870,8742
1882,8742
1882,8742
65,8742
1886,8742
1886,8742
1886,8742
1886,8742
1886,8742
1886,8742
182,8743
51,8744
37,8745
3099,8746
1008,8747
122,8747
122,8747
506,8747
1973,8747
602,8748
1260,8749
1301,8749
1301,8749
2220,8750
1292,8751
628,8752
65,8753
2091,8754
337,8755
1237,8756
1237,8756
1576,8757
36,8758
2174,8759
479,8760
974,8761
1870,8762
1870,8762
1870,8762
1870,8762
1870,8762
713,8763
577,8764
956,8765
1381,8766
3088,8767
35,8768
37,8769
363,8770
377,8772
47,8773
301,8774
1385,8775
215,8776
165,8777
1948,8778
2777,8779
2626,8780
3115,8781
498,8782
2982,8782
380,8783
3012,8784
230,8785
602,8787
331,8788
2498,8789
2059,8790
2463,8791
1774,8792
2273,8793
51,8793
2307,8793
2307,8793
2307,8793
3062,8794
65,8794
3065,8795
1135,8796
2277,8797
782,8798
1050,8799
3116,8800
649,8801
697,8802
126,8803
30,8803
214,8804
1189,8805
2088,8806
1976,8807
56,8808
173,8809
1374,8810
3060,8811
58,8812
1774,8813
1774,8813
1220,8813
1781,8813
534,8813
56,8814
844,8815
872,8816
2244,8817
2244,8818
961,8819
2330,8820
2335,8821
1886,8822
1886,8822
1886,8822
692,8823
2244,8824
2245,8824
2245,8824
713,8824
713,8824
30,8824
30,8824
30,8824
2293,8824
2303,8824
65,8824
65,8824
1191,8824
1261,8825
1220,8826
2077,8827
2499,8828
1841,8829
2048,8830
173,8832
51,8833
51,8833
51,8833
50,8834
65,8835
1322,8836
1916,8837
775,8838
1453,8839
1876,8840
399,8841
1806,8841
102,8842
1785,8843
201,8844
2195,8845
1652,8846
207,8847
67,8848
2173,8849
1774,8850
368,8851
226,8852
20,8853
22,8853
124,8854
2296,8855
871,8856
375,8857
262,8858
294,8858
294,8858
243,8859
363,8860
1871,8860
1871,8860
1729,8861
1860,8862
1886,8863
47,8864
45,8865
1359,8866
2281,8867
1954,8867
1092,8868
51,8869
1882,8870
42,8871
14,8872
179,8873
713,8874
657,8875
28,8876
2778,8877
1034,8878
65,8879
301,8880
2039,8881
1886,8882
2559,8883
727,8884
56,8884
765,8884
771,8884
65,8884
1188,8885
179,8885
303,8886
37,8887
252,8888
214,8889
29,8890
772,8891
2277,8892
201,8893
201,8893
1292,8894
1292,8894
1281,8895
188,8896
188,8896
363,8897
37,8898
51,8901
1671,8902
1870,8903
1314,8904
134,8905
34,8906
2800,8907
1886,8908
1886,8908
30,8909
278,8910
2770,8911
2808,8912
2600,8913
2244,8914
603,8915
2257,8917
982,8917
1207,8918
2583,8919
1860,8920
55,8921
41,8922
2128,8923
817,8924
1008,8925
962,8926
36,8927
47,8928
1381,8929
123,8930
713,8931
372,8932
50,8933
1207,8934
126,8935
2536,8936
640,8936
310,8937
2119,8938
2129,8939
886,8940
243,8941
37,8941
1707,8941
2286,8941
2291,8941
179,8941
1188,8942
572,8943
245,8944
2331,8945
145,8946
119,8947
2984,8948
1013,8949
713,8949
2178,8949
959,8949
372,8950
2054,8951
179,8951
422,8952
53,8953
1120,8955
29,8956
1164,8957
50,8958
234,8959
1841,8961
30,8962
1207,8963
700,8964
2613,8965
735,8966
50,8967
50,8967
2748,8968
243,8969
2045,8969
2060,8969
2077,8969
2078,8969
37,8969
51,8969
681,8969
179,8969
536,8969
2045,8970
2045,8970
2045,8970
819,8971
1084,8972
36,8973
726,8974
2543,8975
2236,8976
988,8978
2613,8979
2529,8980
536,8981
1381,8982
1292,8983
464,8984
50,8985
266,8986
195,8987
629,8988
950,8989
950,8989
659,8990
2210,8991
1834,8992
65,8993
1785,8994
646,8995
30,8996
3092,8997
1886,8998
1841,8999
172,9000
422,9001
2656,9002
2244,9003
1381,9004
2,9005
665,9006
1990,9007
80,9008
261,9009
201,9010
65,9011
373,9012
36,9013
498,9014
1799,9015
1774,9016
176,9017
166,9018
51,9019
1951,9020
498,9021
201,9022
2259,9023
1927,9024
2804,9025
3060,9026
51,9027
536,9028
665,9029
305,9030
733,9031
2256,9032
2253,9033
2253,9033
2253,9033
2277,9033
2296,9033
65,9033
1559,9034
363,9035
214,9036
2046,9037
7,9037
36,9037
2086,9037
2091,9037
59,9037
681,9037
958,9038
3115,9039
220,9040
2173,9041
1342,9042
625,9043
692,9043
2604,9044
2154,9045
2113,9046
1785,9048
1785,9048
797,9049
115,9050
2564,9051
2582,9051
1385,9052
714,9053
1280,9054
2244,9055
659,9056
51,9056
1181,9057
1181,9057
1181,9057
2640,9058
2770,9058
2770,9058
261,9059
1729,9059
598,9060
713,9061
2968,9062
2984,9062
50,9063
50,9063
950,9064
29,9065
45,9066
1871,9067
1780,9068
341,9069
765,9070
2133,9071
59,9072
498,9073
498,9073
2804,9074
2147,9075
262,9076
243,9077
603,9077
607,9077
2057,9077
2060,9077
2061,9077
2071,9077
628,9077
50,9077
2101,9077
2101,9077
2101,9077
673,9077
1876,9077
1876,9077
65,9077
2129,9077
2541,9078
119,9079
534,9079
625,9080
1147,9081
2257,9082
2327,9082
1200,9082
2282,9083
51,9083
51,9083
1191,9084
2967,9085
2656,9085
1201,9086
450,9087
1207,9088
320,9089
2185,9090
364,9091
341,9092
1774,9093
819,9094
1954,9095
1954,9095
1954,9095
1774,9096
2244,9098
50,9099
2283,9100
105,9101
37,9102
49,9103
950,9104
1048,9105
1954,9107
2901,9107
38,9108
638,9109
536,9110
96,9111
96,9111
365,9112
2656,9113
2056,9114
134,9115
629,9116
2650,9116
2548,9117
988,9117
1006,9118
47,9118
322,9119
173,9120
3124,9121
214,9122
2687,9123
652,9124
1322,9125
1339,9125
1610,9126
946,9127
1414,9128
176,9129
102,9130
49,9131
37,9132
1774,9133
36,9134
2661,9135
1457,9136
173,9137
1785,9138
1785,9139
1785,9139
1785,9139
36,9140
1348,9141
1348,9141
2282,9142
2282,9142
2277,9143
37,9144
292,9144
292,9144
665,9145
422,9146
262,9147
214,9148
190,9149
871,9150
1570,9151
1381,9151
1134,9152
2291,9153
2676,9154
136,9155
402,9156
301,9157
1953,9158
602,9159
335,9160
45,9161
1010,9162
61,9163
126,9164
544,9165
324,9166
686,9167
950,9168
3116,9169
2244,9170
1901,9171
212,9172
2594,9173
145,9174
122,9175
1292,9176
145,9177
2958,9178
37,9178
1010,9179
1010,9179
37,9180
36,9181
506,9182
1774,9183
2673,9184
78,9185
2512,9186
1739,9188
422,9189
30,9190
697,9191
301,9191
2,9192
2329,9193
422,9194
713,9195
126,9196
2741,9197
649,9198
1279,9199
58,9199
58,9199
2277,9200
3077,9201
659,9202
341,9203
2133,9204
649,9205
2242,9206
33,9207
33,9207
2654,9207
354,9207
354,9207
59,9207
14,9208
2687,9209
469,9210
1785,9211
1899,9212
625,9213
166,9214
1010,9215
1010,9215
443,9216
604,9217
51,9217
2059,9218
456,9219
368,9220
1169,9221
602,9222
2992,9223
1080,9224
32,9225
32,9225
778,9225
1263,9226
316,9227
1116,9228
136,9229
51,9230
25,9231
2720,9232
430,9233
51,9234
104,9235
2770,9236
1789,9237
486,9238
1954,9239
1840,9240
556,9241
1310,9242
1310,9242
685,9243
2804,9244
214,9245
214,9245
2461,9246
536,9247
1469,9248
852,9249
41,9250
1374,9252
58,9253
512,9254
166,9255
1339,9256
2540,9257
1951,9258
1924,9259
1794,9260
937,9261
1899,9262
1974,9262
2437,9263
2499,9263
2244,9264
1279,9265
1279,9265
1201,9266
2264,9267
563,9268
1788,9269
1831,9270
201,9271
2761,9272
214,9273
2690,9275
2346,9276
603,9277
225,9278
3079,9279
1379,9279
611,9280
638,9281
36,9282
3044,9283
430,9284
194,9285
1924,9286
1135,9287
58,9288
37,9289
2564,9290
136,9291
176,9292
1367,9293
1823,9294
1823,9294
1823,9294
1823,9294
1355,9295
370,9296
1831,9297
1147,9297
1864,9297
2315,9298
2244,9299
119,9300
694,9301
2499,9302
416,9303
1123,9304
2524,9305
426,9306
261,9307
290,9308
846,9309
2128,9309
111,9310
111,9310
111,9310
2120,9311
3127,9312
694,9313
1806,9314
1806,9314
2751,9315
2138,9316
1806,9317
860,9318
1381,9319
44,9320
631,9321
602,9322
50,9323
2664,9324
117,9325
2249,9326
1872,9327
2463,9328
269,9329
1008,9330
179,9331
1010,9332
1886,9333
599,9334
1050,9335
958,9336
958,9336
173,9337
791,9338
693,9339
322,9340
771,9341
534,9341
1770,9342
422,9343
278,9344
1675,9345
102,9346
1601,9347
2327,9348
41,9349
51,9350
117,9351
145,9352
1787,9353
2161,9354
245,9355
197,9356
2503,9357
315,9358
2787,9359
331,9360
331,9360
517,9361
422,9362
251,9363
269,9363
201,9363
123,9364
713,9364
1314,9365
363,9366
12,9367
201,9369
53,9370
2086,9371
360,9372
714,9373
759,9373
28,9374
2046,9375
695,9376
1256,9377
2536,9378
117,9379
2726,9380
1220,9381
747,9382
667,9383
2297,9384
813,9385
2804,9386
52,9387
2585,9388
1379,9389
842,9390
2675,9391
380,9392
1383,9393
813,9394
10,9395
886,9396
713,9397
1980,9398
817,9399
817,9399
536,9400
34,9401
2726,9402
659,9403
1156,9404
1156,9404
182,9405
65,9406
1123,9407
2985,9408
2804,9409
55,9410
1391,9411
2795,9412
363,9413
27,9414
27,9414
1564,9415
638,9416
1013,9417
1773,9418
1785,9418
1785,9418
1162,9419
2257,9420
1814,9421
300,9421
65,9422
1611,9423
607,9424
1777,9425
1777,9425
1777,9425
1777,9425
1777,9425
2258,9426
434,9427
1954,9428
1954,9428
1191,9428
2751,9429
455,9430
117,9431
220,9432
1252,9433
2536,9434
30,9435
65,9436
317,9437
1912,9438
1246,9439
34,9440
2769,9441
283,9442
846,9443
1929,9444
201,9445
1201,9446
145,9447
1254,9448
65,9449
37,9450
2307,9451
397,9452
2069,9453
1601,9454
2184,9455
901,9456
683,9457
673,9458
787,9459
182,9460
3067,9461
2249,9462
29,9462
29,9462
1576,9463
674,9464
37,9465
646,9466
50,9466
212,9467
2128,9468
2128,9468
217,9470
649,9471
26,9472
62,9472
62,9472
1039,9473
1562,9473
2248,9474
536,9475
302,9476
1671,9477
1888,9478
264,9479
2296,9480
44,9481
2296,9482
2296,9482
2296,9482
341,9483
1707,9484
226,9485
1147,9486
1147,9486
1147,9486
1944,9487
370,9488
683,9489
201,9490
652,9491
2244,9492
180,9493
180,9493
2871,9494
37,9495
1254,9496
382,9497
1785,9498
1279,9499
1774,9500
1841,9501
102,9502
113,9503
113,9503
37,9504
268,9505
321,9506
537,9507
1785,9508
156,9509
1188,9510
126,9511
25,9512
8,9513
13,9513
62,9513
1175,9514
1175,9514
1175,9514
208,9515
1898,9516
123,9517
430,9518
1265,9519
405,9520
583,9521
95,9522
104,9522
113,9523
1774,9524
1780,9524
1188,9524
317,9524
1376,9525
1339,9526
1483,9527
2248,9528
2682,9529
258,9530
1892,9531
550,9532
557,9532
565,9532
149,9532
2077,9533
752,9534
2201,9534
30,9535
51,9536
937,9537
794,9538
134,9539
2048,9540
950,9541
685,9542
278,9543
673,9544
1870,9545
3084,9546
2201,9547
29,9548
8,9549
1292,9549
1292,9549
2253,9550
363,9551
2967,9552
117,9553
117,9553
126,9553
613,9553
34,9553
34,9553
665,9553
179,9553
692,9553
2782,9554
681,9555
50,9556
51,9557
358,9558
1191,9559
384,9560
412,9561
775,9562
1962,9563
1310,9564
99,9565
3071,9566
3115,9566
2248,9567
2307,9568
2307,9568
1749,9569
61,9570
1313,9571
1361,9571
966,9571
981,9571
536,9572
536,9572
536,9572
536,9572
536,9572
1876,9573
692,9574
25,9575
1806,9576
155,9577
52,9577
1156,9577
1156,9577
1169,9577
59,9578
1172,9579
188,9580
946,9580
316,9581
201,9582
201,9582
835,9583
2990,9584
2990,9584
3099,9585
207,9586
2303,9587
1909,9588
628,9589
8,9590
2,9591
2277,9592
3128,9593
3141,9593
1379,9594
2277,9595
208,9596
208,9596
478,9597
813,9598
1906,9599
860,9600
1245,9601
399,9602
182,9603
426,9604
1008,9605
981,9606
1279,9608
2479,9609
348,9610
1191,9611
2282,9612
2564,9613
2670,9613
422,9614
35,9615
422,9616
1381,9617
1381,9618
178,9619
1466,9619
315,9620
1208,9620
102,9621
1192,9622
2676,9623
405,9624
126,9625
45,9626
45,9626
1785,9627
173,9628
422,9629
2244,9630
1191,9630
713,9631
1514,9632
844,9632
1774,9633
1848,9634
395,9635
1601,9636
422,9637
1872,9638
30,9639
2205,9640
1785,9641
2961,9642
860,9643
1192,9644
1192,9644
1886,9645
1886,9645
490,9646
1870,9647
2282,9648
96,9649
145,9650
1917,9651
1931,9651
1207,9652
536,9653
3079,9654
45,9655
1637,9656
1232,9657
140,9658
1439,9659
1962,9660
2244,9661
34,9662
2741,9663
30,9664
1050,9665
343,9666
37,9667
363,9667
1564,9668
2891,9669
521,9670
243,9671
305,9671
1777,9672
778,9673
245,9674
53,9675
1806,9676
710,9677
65,9678
2320,9679
2340,9680
673,9681
177,9682
9,9683
9,9683
29,9683
14,9684
50,9684
262,9685
262,9685
262,9685
384,9686
37,9687
1360,9688
190,9689
1886,9690
858,9691
201,9692
103,9693
2602,9694
1150,9695
324,9696
214,9697
214,9697
37,9698
1929,9699
146,9700
422,9701
587,9702
1980,9703
536,9704
405,9705
1774,9706
47,9707
50,9708
629,9709
13,9710
2985,9711
29,9712
2977,9713
6,9714
2088,9715
2481,9716
10,9717
2710,9718
817,9720
2563,9721
2056,9722
1374,9723
1789,9724
978,9725
1898,9726
65,9727
41,9728
886,9729
2324,9730
145,9731
65,9732
888,9733
2553,9734
40,9735
452,9736
3099,9737
1112,9738
2282,9739
243,9740
2257,9740
2257,9740
2257,9740
65,9741
1302,9742
2567,9743
2540,9744
36,9745
602,9746
48,9747
1707,9748
2296,9748
2296,9748
1191,9748
1339,9749
166,9750
2119,9751
1918,9752
2656,9753
2972,9753
10,9754
1804,9754
2722,9754
319,9755
214,9756
341,9757
130,9758
399,9759
47,9760
1962,9761
1806,9762
747,9763
1008,9764
59,9765
113,9766
173,9767
1785,9768
56,9769
427,9770
520,9770
152,9771
40,9772
51,9773
512,9774
363,9775
846,9776
1381,9777
1874,9778
2740,9779
123,9780
363,9780
1929,9781
427,9782
2437,9783
697,9784
1381,9785
1860,9786
1092,9787
457,9788
1121,9789
53,9790
1954,9791
136,9792
136,9792
146,9793
40,9794
410,9795
239,9796
2283,9797
2048,9798
402,9799
1948,9800
45,9801
386,9802
146,9803
2277,9804
1367,9805
65,9806
65,9806
2244,9807
443,9808
263,9809
23,9810
2093,9811
166,9812
2992,9813
58,9814
1952,9815
37,9816
173,9817
321,9818
104,9819
30,9820
2244,9821
2091,9822
1955,9823
1770,9823
506,9824
225,9825
752,9826
51,9827
2705,9828
2337,9829
620,9830
426,9831
24,9832
721,9833
149,9834
523,9835
261,9836
113,9837
342,9838
166,9839
368,9840
403,9841
519,9841
2640,9842
2758,9843
117,9844
95,9845
747,9846
65,9847
201,9848
646,9849
646,9849
2424,9850
772,9851
772,9851
58,9852
1516,9853
1381,9854
13,9855
58,9856
2251,9857
891,9858
891,9858
30,9859
175,9860
47,9861
1246,9862
1780,9863
1780,9863
1116,9864
145,9865
145,9865
2461,9866
1441,9867
498,9868
201,9870
2532,9871
665,9872
1281,9873
55,9874
132,9875
341,9876
656,9877
28,9878
1707,9879
2289,9879
2289,9879
2210,9880
214,9881
214,9881
221,9881
107,9881
31,9882
2486,9883
14,9884
150,9885
134,9886
2041,9886
55,9887
184,9888
1169,9889
1806,9890
2282,9891
65,9891
333,9892
1213,9893
2235,9894
1703,9895
607,9896
24,9897
166,9897
44,9898
1379,9899
2264,9900
65,9902
117,9903
846,9904
2333,9905
60,9905
1575,9906
2529,9907
998,9908
77,9909
2778,9910
2582,9911
2307,9912
179,9913
2281,9914
846,9915
372,9915
1031,9916
36,9917
2324,9918
673,9918
41,9919
659,9920
172,9921
172,9921
454,9922
405,9923
469,9924
469,9924
25,9925
536,9926
977,9927
1414,9928
78,9929
620,9930
663,9930
2148,9931
40,9932
243,9933
2297,9934
2307,9934
1773,9935
519,9936
58,9937
2296,9938
2900,9939
45,9940
2133,9941
2133,9941
2133,9941
2133,9941
2253,9941
40,9941
40,9941
40,9941
2282,9941
2297,9941
2297,9941
2297,9941
772,9941
2180,9942
48,9943
710,9944
604,9945
422,9945
677,9945
628,9946
607,9947
2245,9948
2245,9948
51,9949
638,9950
201,9950
649,9950
395,9951
159,9952
464,9953
51,9954
1707,9955
961,9956
2463,9957
406,9958
264,9959
1931,9960
2166,9961
1485,9962
370,9963
2134,9964
2282,9965
2244,9966
1098,9967
405,9968
496,9969
844,9971
187,9972
3090,9973
3090,9973
1164,9974
2528,9975
1870,9976
56,9977
119,9978
1895,9979
961,9980
1381,9981
314,9982
2524,9983
2705,9983
2748,9983
2582,9984
45,9985
261,9986
1488,9987
938,9988
604,9989
691,9989
59,9990
607,9991
1880,9992
1292,9993
2283,9994
370,9995
51,9996
458,9997
1904,9998
1857,5000
222,5011
225,5011
333,5012
373,5012
744,5013
341,5013
1193,5019
1194,5019
1215,5019
1204,5019
